Country Name,Country Code,Indicator Name,Indicator Code,2000,2001,2002,2003,2004,2005,2006,2007,2008,2009,2010,2011,2012,2013,2014,2015,2016,2017,2018,2019,2020,2021
Afghanistan,AFG,Life expectancy at birth (years),WHOSIS_000001,53.82332641,53.91018761,55.15447775,56.08520691,56.47652053,56.79050349,56.992143,57.2548387,57.9008556,58.52946588,59.00377167,59.54863714,59.92210578,60.43497705,60.42859204,60.32951348,60.39366208,60.8752198,60.48797975,61.22381311,60.49099642,59.12690224
,AFR,Life expectancy at birth (years),WHOSIS_000001,52.98151168,53.46919051,53.8387504,54.27104176,54.8859284,55.63713976,56.4398241,57.29451181,58.09440209,58.84133306,59.57096304,60.26246615,60.93267407,61.51649833,61.97191179,62.45046693,62.92447284,63.36220568,63.77580177,64.16988115,63.96143556,63.55243899
Angola,AGO,Life expectancy at birth (years),WHOSIS_000001,49.36774351,50.06036648,51.05750193,51.74053195,52.3558271,53.34585395,54.27926946,55.35489997,56.22016209,57.07394875,57.96461105,58.75334146,59.46233734,60.21682799,61.13534716,61.59307464,61.84956314,62.03682911,62.27158067,62.49147407,62.64827403,62.13113467
Albania,ALB,Life expectancy at birth (years),WHOSIS_000001,73.68285742,76.04202157,75.48885772,74.94215534,75.42557931,74.20683098,74.22366059,74.53678554,74.9883157,75.55770059,76.21290189,76.61868023,77.34194982,77.77410839,78.01445206,77.76638448,77.87870915,77.91038596,77.93851855,77.9406744,76.53104591,76.39089034
,AMR,Life expectancy at birth (years),WHOSIS_000001,74.0865499,74.30398059,74.50152763,74.69714507,75.07444467,75.28865511,75.62335043,75.82834415,75.93790985,76.16933635,75.79804084,76.46212795,76.62675954,76.73116014,76.83106727,76.79070798,76.70935415,76.8394961,76.98308457,77.07402622,75.0691549,74.11268797
United Arab Emirates,ARE,Life expectancy at birth (years),WHOSIS_000001,78.11838329,78.27568092,78.35124382,78.5604186,78.88949949,79.38497277,80.09096187,80.5952165,80.7993244,80.73659279,80.45344335,80.25767057,80.30618497,80.56393138,80.64754288,80.71356774,80.78348374,80.92702059,81.16639668,81.41096307,80.1312721,78.30645695
Argentina,ARG,Life expectancy at birth (years),WHOSIS_000001,74.28695107,74.27061688,74.2583112,74.25492535,74.90566583,75.25530861,75.5327089,75.05610078,75.69496821,75.85194237,75.76938267,75.94927296,76.1760553,76.20888199,76.51452536,76.5300965,76.12474817,76.64354126,76.88825006,77.01582731,76.22884718,74.56898059
Armenia,ARM,Life expectancy at birth (years),WHOSIS_000001,71.62172824,71.79061149,71.58333169,71.70802942,72.03083518,72.0754129,72.0117653,72.53070418,72.48685716,72.73278531,73.01384261,73.30611739,73.66922093,74.18785118,74.19757704,74.27859114,74.40594896,75.18435169,75.62030513,75.66635568,69.32859192,72.98458202
Antigua and Barbuda,ATG,Life expectancy at birth (years),WHOSIS_000001,74.39228457,74.69656338,74.99067045,75.21279447,75.37748429,75.53604558,75.54507792,74.95910853,75.05552794,75.51285045,75.57823922,75.62067241,75.66312684,75.71757904,75.59206584,75.61540401,75.54812509,75.565575,75.62352245,75.65878463,77.61326031,76.91527032
Australia,AUS,Life expectancy at birth (years),WHOSIS_000001,79.69831946,80.12984228,80.19005718,80.56634063,80.75565777,80.84134964,81.04245453,81.37282665,81.32192176,81.75260531,81.91408232,81.93172968,82.27247326,82.46342447,82.36885018,82.287472,82.59341791,82.67971308,83.02313357,82.64234014,83.36758916,83.10183853
Austria,AUT,Life expectancy at birth (years),WHOSIS_000001,78.17598734,78.64264138,78.70354232,78.62740132,79.11359324,79.32619587,79.80520182,80.0322621,80.26667316,80.12103248,80.39157197,80.73795859,80.71875852,80.91227276,81.23527679,80.98621911,81.38820091,81.38857295,81.42361625,81.64847998,81.08512036,80.99297519
Azerbaijan,AZE,Life expectancy at birth (years),WHOSIS_000001,65.23458004,66.31096148,66.7152002,66.74212235,67.38631087,67.44595807,67.63797731,69.26431968,68.71279885,69.37470529,69.81386619,70.38906117,71.2113018,72.08992478,72.71925019,73.62700051,73.96997105,74.6254737,75.13145241,75.79966602,71.43112767,72.9129401
Burundi,BDI,Life expectancy at birth (years),WHOSIS_000001,44.3609182,45.560229,46.77202104,47.93043118,49.43158352,50.9090504,54.95514765,56.45412415,57.79081906,58.71584557,59.59915923,60.40539714,61.17471181,61.79608792,62.32268744,62.7069542,63.24117705,63.68241574,64.02759286,64.3185906,64.59433751,64.00694993
Belgium,BEL,Life expectancy at birth (years),WHOSIS_000001,77.67190502,77.97358091,78.01455674,78.11449295,78.79615664,78.85239236,79.23388393,79.56569667,79.56481171,79.82665275,79.84805119,80.16687766,80.07118579,80.32474948,80.94130643,80.70631194,81.07460591,81.1512532,81.2494226,81.60895006,80.77564866,81.5059627
Benin,BEN,Life expectancy at birth (years),WHOSIS_000001,57.42109531,57.74456271,58.09380517,58.45855402,58.86876901,59.21023989,59.54016851,59.82688455,60.45115465,60.99409615,61.3045144,61.56618181,61.81459199,62.11743236,62.37267295,62.62662,63.0021663,63.34863103,63.73859672,64.13827469,64.40363479,64.01268515
Burkina Faso,BFA,Life expectancy at birth (years),WHOSIS_000001,51.8877146,52.3617692,52.90685822,53.57987835,54.3424593,55.19811279,55.97968949,56.71279625,57.43072999,58.06655977,58.61217661,59.07175267,59.51806294,59.96461158,60.46448541,60.94298433,61.35518157,61.8809308,62.36096547,62.61228276,62.92621842,62.29728841
Bangladesh,BGD,Life expectancy at birth (years),WHOSIS_000001,65.36178128,65.95954098,66.35390682,66.7835174,67.36950715,67.78759761,68.09324389,68.42856138,69.03267464,69.60483119,70.06425679,71.08337441,72.09310158,72.59072924,72.77669075,73.19207211,73.44362068,73.37868377,73.67380343,73.94958231,73.29812993,73.10251672
Bulgaria,BGR,Life expectancy at birth (years),WHOSIS_000001,71.6428836,71.85118008,72.11466914,72.29415331,72.48173145,72.47648279,72.62332365,72.92323217,73.24591413,73.57651207,73.66597105,74.07018001,74.28202002,74.79512219,74.40807537,74.56358707,74.77317639,74.71989724,74.85071858,75.0010583,73.48961137,71.30586
Bahrain,BHR,Life expectancy at birth (years),WHOSIS_000001,69.68563925,70.36971635,70.59694491,70.65076259,70.9253368,71.32084892,71.69627417,72.38722676,72.89097198,73.40666919,73.86198294,74.19533253,74.57322126,75.02710867,75.64496177,75.75082454,75.65906707,75.71095601,75.93620907,76.02945447,74.85398109,74.38371772
Bahamas,BHS,Life expectancy at birth (years),WHOSIS_000001,70.96744554,71.11367814,71.58107452,72.01356703,72.14409998,72.65880067,72.66353382,73.08736276,72.97662842,72.80785073,72.74533372,72.74543627,72.84562635,73.00901267,72.64786335,72.92357543,72.949178,73.21936648,73.38286364,70.73776422,72.61586296,70.43274063
Bosnia and Herzegovina,BIH,Life expectancy at birth (years),WHOSIS_000001,75.4599475,75.85448253,76.09726725,76.3852253,76.62934847,76.54879498,76.79616301,76.26128187,76.76846848,76.7825838,76.98324032,77.05795229,77.27133436,77.21186094,77.17772515,76.9957646,77.13183233,77.24910311,77.32123917,77.09808482,75.70792926,74.84944487
Belarus,BLR,Life expectancy at birth (years),WHOSIS_000001,68.79296699,68.38068954,67.90677805,68.37573872,68.80163482,68.69743153,69.30529977,70.20054242,70.33830973,70.47736788,70.35076033,70.57181476,72.11133932,72.59208184,73.15346125,73.73950531,73.8924593,74.22729868,74.34647413,74.8186819,73.01027649,73.12324771
Belize,BLZ,Life expectancy at birth (years),WHOSIS_000001,70.09513226,70.61498891,71.34369042,71.80038956,72.03089544,72.3988756,72.62147619,73.05180238,73.53821496,73.6700987,73.60567774,73.84911498,74.18063851,74.31081667,74.2195742,74.30568158,74.39638983,74.56128899,74.57665716,74.86586064,74.69437572,73.32055336
Bolivia (Plurinational State of),BOL,Life expectancy at birth (years),WHOSIS_000001,66.09385895,66.7449711,67.18430642,67.7351254,68.28111683,68.73158288,69.1623043,69.47053335,69.78566323,70.13714581,70.42881387,70.72011626,71.0361986,71.33805685,71.64868401,71.94895895,72.22076039,72.44784311,72.69070111,72.91976198,67.11714577,65.41062535
Brazil,BRA,Life expectancy at birth (years),WHOSIS_000001,71.4995438,71.80355904,72.03662703,72.30491342,72.50201054,73.14791265,73.33073271,73.5789865,73.71397618,73.8424263,73.92337469,74.01518436,74.28196582,74.42169527,74.63621389,74.711289,74.56188231,74.98912241,75.31944699,75.47815778,74.11393563,72.38840694
Barbados,BRB,Life expectancy at birth (years),WHOSIS_000001,74.60503157,75.05768919,74.85759375,74.55086448,74.61548026,74.96322109,75.05596421,75.24398474,75.50932099,75.90513677,75.95734033,76.02367426,76.23035481,76.24143589,76.24311034,76.29023437,76.32461251,76.33626177,76.28319327,76.03984637,76.9491323,76.8418344
Brunei Darussalam,BRN,Life expectancy at birth (years),WHOSIS_000001,75.50502993,75.6811134,75.90522385,76.10651217,76.2980122,76.47714892,76.58480393,76.66441769,76.7179356,76.87788068,76.97095289,76.98951902,76.89700471,76.81966837,76.65808603,76.55761257,76.41822612,76.40513341,76.40808264,76.67529662,76.76421584,76.92260844
Bhutan,BTN,Life expectancy at birth (years),WHOSIS_000001,65.98956136,67.18030943,67.84566543,68.38453582,68.88514264,69.36895355,69.95563044,70.47630807,70.90903814,71.27007127,71.72710313,72.1269544,72.45535288,72.72164626,72.91360226,73.07489389,73.28424565,73.54716542,73.75301201,73.93027807,74.45119684,74.87642848
Botswana,BWA,Life expectancy at birth (years),WHOSIS_000001,47.16383585,46.70431922,46.95490275,48.30164814,50.64076648,53.16798551,54.88555112,55.77024629,56.1793813,56.8865344,57.62665956,58.41247242,59.74879487,60.61242628,61.38291822,62.04575871,62.99012308,64.01180659,64.53046521,64.91884565,65.16840503,61.23119159
Central African Republic,CAF,Life expectancy at birth (years),WHOSIS_000001,44.23425766,44.47178561,44.77185837,45.20505974,45.61618547,46.14092523,46.69775624,47.39415912,48.29879732,48.86668457,49.20179696,49.46797321,49.82204247,49.31139043,49.17728884,50.96983096,51.50031283,51.26742466,52.13733768,52.93260744,53.07817181,52.30772755
Canada,CAN,Life expectancy at birth (years),WHOSIS_000001,79.08864173,79.3114365,79.42214804,79.5801332,79.85004413,79.95094625,80.37081942,80.38195578,80.56313756,80.88259979,81.14359407,81.40188658,81.49329928,81.55829938,81.59103957,81.64860674,81.74452018,81.70954318,81.73382897,82.0216251,81.29950989,81.58276248
Switzerland,CHE,Life expectancy at birth (years),WHOSIS_000001,79.71469969,80.10038738,80.41025592,80.40439825,80.94173199,81.11493442,81.41480541,81.59797301,81.86194325,81.89043047,82.19541207,82.36855875,82.39224777,82.47547076,82.84919576,82.58994495,83.17109413,83.13986197,83.28963498,83.47957563,82.73602492,83.32795777
Chile,CHL,Life expectancy at birth (years),WHOSIS_000001,76.79721978,76.75737429,77.34180988,77.44592963,77.54890712,78.0049121,78.48262712,78.48498969,79.19803048,79.00490643,78.83198498,79.55204941,79.58354937,79.82550323,79.93658439,80.12508082,80.46247256,80.65876294,80.96185803,81.02769155,79.90385052,79.02404788
China,CHN,Life expectancy at birth (years),WHOSIS_000001,70.83886138,71.13400253,71.4546616,71.68827313,71.93150989,72.44256077,73.28900157,73.8389379,73.99659977,74.38654953,74.65168239,75.03511843,75.48068539,75.84030781,76.19910536,76.5103545,76.71571735,76.94625698,77.14021145,77.31273653,77.48113543,77.61619672
Cote d'Ivoire,CIV,Life expectancy at birth (years),WHOSIS_000001,51.16878476,51.50148868,51.80536737,52.20445217,52.80209302,53.84685304,54.91662177,55.73160801,56.57054792,57.18053039,57.33114203,57.55420401,58.54983117,59.30998362,60.06789432,60.9342411,61.62678525,62.27592918,62.90790762,63.48479652,63.31088991,63.5174083
Cameroon,CMR,Life expectancy at birth (years),WHOSIS_000001,52.95852821,52.89875064,52.90318218,53.05889292,53.56554781,54.1270059,54.52792524,55.00397444,55.69426406,56.2682285,56.78466995,57.25716759,57.77355305,58.1602222,58.43615921,58.9843954,59.79056297,60.64260038,61.3869156,62.02612874,62.18085382,61.76934896
Democratic Republic of the Congo,COD,Life expectancy at birth (years),WHOSIS_000001,52.64392739,52.99713016,53.2535703,53.6935484,54.34409074,54.94182979,55.48457469,55.97784827,56.32188866,56.80885819,57.39937072,57.88760041,58.3404554,58.89523659,59.46084106,59.96244072,60.43572174,60.84101636,61.4317933,61.83901232,62.03594732,61.62552641
Congo,COG,Life expectancy at birth (years),WHOSIS_000001,52.21826617,53.11126203,53.80580675,54.50087703,55.40549068,56.51057672,57.53120192,58.25955292,59.22236239,60.08941536,60.60462815,61.13100658,61.21875153,61.42791356,61.64003199,62.05475682,62.56582962,62.84312978,63.05964242,62.75844008,63.35937843,63.17262301
Colombia,COL,Life expectancy at birth (years),WHOSIS_000001,72.53854433,72.62895792,72.8310481,73.54484514,73.98320442,74.43998835,74.69666325,75.19865773,75.40888643,75.75932913,75.96054748,76.68552906,76.94484313,77.2278702,77.36559952,77.34484367,77.57662615,77.7944403,77.82372796,77.9535847,76.17457612,74.53297363
Comoros,COM,Life expectancy at birth (years),WHOSIS_000001,62.03733666,62.70292188,63.12089097,63.63164331,63.97536549,64.27700657,64.55149646,64.77430676,65.33611843,65.01480079,65.96560133,65.80471815,66.39715563,66.72653391,67.0710997,67.42647275,67.70212624,67.83204139,68.19621524,68.10062174,68.30703432,67.4970386
Cabo Verde,CPV,Life expectancy at birth (years),WHOSIS_000001,71.69763358,71.98653007,72.18506527,72.33302782,72.44024713,72.6194338,73.4096215,73.46976452,73.93039416,73.98241137,74.23169531,74.33323277,74.4642814,74.70386595,74.86891105,74.82831017,74.86326568,74.91155361,73.8583216,74.05989707,73.66739044,73.16097765
Costa Rica,CRI,Life expectancy at birth (years),WHOSIS_000001,78.16621895,78.07165726,78.85732142,78.7075014,78.67775018,79.72199388,79.36411318,80.2305467,80.2939043,80.60955741,79.51380421,80.26271645,80.42316166,80.59788537,80.47995762,80.57423676,80.11048492,80.19506162,80.28882351,80.30073211,79.99304212,78.63053412
Cuba,CUB,Life expectancy at birth (years),WHOSIS_000001,76.74758667,76.71378311,77.74907347,77.44238196,77.44558258,77.20755679,78.02512407,78.10025005,77.87743841,78.01983317,77.83366676,78.52888871,78.42125643,78.31147223,78.1433227,77.92972815,78.14353782,77.65330792,77.85421876,77.66173555,77.63538969,73.67333077
Cyprus,CYP,Life expectancy at birth (years),WHOSIS_000001,78.83247264,78.86668678,78.99615853,79.11243929,79.27834154,79.53715992,79.83910882,80.21271187,80.589293,80.92281877,81.17822871,81.38772648,81.61972744,81.84969587,81.84705653,81.80149333,81.7149767,81.86957092,82.05668584,82.17744701,82.06263041,81.912741
Czechia,CZE,Life expectancy at birth (years),WHOSIS_000001,75.0301441,75.30051991,75.36384265,75.26103133,75.78544673,75.99869845,76.60775206,76.86519129,77.1537423,77.27519564,77.55051822,77.78639074,77.96926876,78.1114359,78.68016445,78.48257933,78.93030378,78.85473024,78.89195159,79.13720815,78.12978194,77.07730392
Germany,DEU,Life expectancy at birth (years),WHOSIS_000001,78.10603024,78.44285248,78.46153264,78.45648391,79.02932323,79.20819712,79.60448013,79.79113261,79.87792037,79.99437865,80.18047005,80.46331457,80.59346041,80.28874618,80.7599266,80.4259243,80.68537775,80.75116875,80.64820055,80.97360663,80.79637728,80.49140555
Djibouti,DJI,Life expectancy at birth (years),WHOSIS_000001,59.51993524,59.48459433,59.49469647,59.65312998,59.74871021,60.0931017,60.21901234,60.99155224,61.38655907,61.71487892,62.01403181,62.33627596,62.75529104,63.13924805,63.51525954,63.87735947,64.3388502,64.73030842,65.12011598,65.43875202,65.26548162,64.87227149
Denmark,DNK,Life expectancy at birth (years),WHOSIS_000001,76.93482299,77.04219494,77.0288458,77.31785032,77.68985024,78.13130379,78.19096238,78.29892667,78.63896492,78.87762743,79.16903741,79.68812406,79.96581949,80.1645831,80.51401409,80.59412958,80.71406105,80.94104357,80.82345271,81.27895276,81.36821984,81.18400442
Dominican Republic,DOM,Life expectancy at birth (years),WHOSIS_000001,73.39790354,73.59849431,73.59133884,73.229535,72.74531085,72.80023496,72.80245873,72.98138698,73.27970118,73.54510674,73.80111624,74.02906414,73.71953299,73.27936819,73.26353439,73.29460988,73.33430363,73.41062894,73.52093617,73.91314074,73.56757121,73.32102758
Algeria,DZA,Life expectancy at birth (years),WHOSIS_000001,72.46839135,72.77159448,73.0881827,73.27414327,73.76320427,74.07853584,74.34609406,74.59216684,74.83898594,75.06025654,75.28662824,75.4488721,75.63920415,75.79056138,75.93393131,76.06909233,76.27818922,76.40431934,76.4358357,76.54768313,74.02004217,75.97765182
Ecuador,ECU,Life expectancy at birth (years),WHOSIS_000001,72.58843233,73.06545756,73.16724011,73.9172371,73.96568777,73.75770165,73.97387898,74.34691701,74.40727021,74.93359345,75.14738891,75.58177801,75.807667,76.40415478,76.8969622,77.15293465,77.17996695,77.31252311,77.46907136,77.75172721,72.71138213,73.95801182
Egypt,EGY,Life expectancy at birth (years),WHOSIS_000001,69.14860157,68.84530776,68.85252001,68.78353005,69.18228637,69.52274009,69.56785371,69.74814425,69.77109335,69.78931749,69.83444177,70.08390953,69.82990211,70.47150621,70.46262161,70.05641038,70.7024138,71.25138812,71.35791195,71.58973358,70.12068297,69.10821615
,EMR,Life expectancy at birth (years),WHOSIS_000001,65.45448064,65.64591089,65.88711487,65.93877747,66.33371913,66.40715771,66.88891361,67.21417049,67.59196827,67.91200906,68.14019842,68.18516686,68.39586296,68.82100699,68.82634221,68.93543861,69.2312657,69.50810208,69.83224713,70.18316524,68.92815031,68.48743553
Eritrea,ERI,Life expectancy at birth (years),WHOSIS_000001,54.93355711,56.20141934,56.7567552,57.22781288,57.68987112,58.13577563,58.75833395,59.29093298,59.61833756,60.06524888,60.44258181,60.90743675,61.35054403,61.71601531,62.18741649,62.5177156,62.87736669,63.17091217,63.47224104,63.76432633,63.82002522,63.57308435
Spain,ESP,Life expectancy at birth (years),WHOSIS_000001,79.09037288,79.39483865,79.48845207,79.41351479,79.99552369,80.00981734,80.67223061,80.67591348,80.97341639,81.32919045,81.693057,81.81256597,81.9595375,82.47881258,82.58446278,82.32940416,82.73070599,82.67579627,82.76765981,83.13561895,81.92498871,82.66267258
Estonia,EST,Life expectancy at birth (years),WHOSIS_000001,70.96926531,70.85470275,71.18420468,71.87885357,72.26375853,72.88570642,73.02632317,73.12739174,74.24703915,75.04425699,75.84300326,76.28720152,76.40758544,77.02989191,77.0967995,77.63428878,77.71059498,78.2161445,78.3489275,78.89055582,78.62190265,77.13131363
Ethiopia,ETH,Life expectancy at birth (years),WHOSIS_000001,50.78760514,52.82154779,53.81305038,54.78484585,55.83373985,57.02975496,58.32029564,59.72840645,61.00289968,62.16370614,63.25475143,64.25857509,65.13407348,65.91159894,66.55987824,67.10395358,67.58767511,68.0726745,68.47192846,68.84848169,68.79596101,67.83909086
,EUR,Life expectancy at birth (years),WHOSIS_000001,72.39957333,72.67016514,72.70757292,72.7931665,73.32032577,73.41416905,74.11279931,74.51560779,74.81612483,75.31619825,75.62937104,76.14127866,76.35705486,76.70126192,76.88838577,77.02127407,77.3506962,77.62310671,77.74803442,78.09893217,76.92095687,76.28728907
Finland,FIN,Life expectancy at birth (years),WHOSIS_000001,77.59494705,78.01784738,78.12614307,78.41020069,78.7283427,78.98273143,79.23326293,79.26874907,79.5834765,79.70604252,79.86591036,80.2843093,80.37588921,80.67798392,80.86537331,81.19884704,81.11659919,81.32143707,81.40768747,81.64702187,81.54461744,81.53419484
Fiji,FJI,Life expectancy at birth (years),WHOSIS_000001,65.82507716,66.34541639,66.70441423,66.62544107,67.12182465,67.08454719,67.08069927,67.10363711,67.02758771,67.25290005,67.3135839,67.39745191,67.51183712,67.62910016,67.72103011,67.8018416,67.7499939,67.87169424,67.86709271,67.86595098,67.71119355,65.50058445
France,FRA,Life expectancy at birth (years),WHOSIS_000001,78.91105529,79.01103311,79.14448316,79.09102734,80.00018858,80.00456559,80.52598237,80.79627532,80.87497757,81.04063075,81.2215994,81.57719696,81.57752501,81.81996075,82.2489409,81.90513823,82.13202442,82.17093951,82.37708106,82.52902201,81.87409035,81.92274175
Micronesia (Federated States of),FSM,Life expectancy at birth (years),WHOSIS_000001,63.55831516,63.81961029,62.91664429,64.10175678,64.15853132,64.2139938,64.28893329,64.36936061,64.49273801,64.68062183,64.77779493,64.90882285,65.02895443,65.16296685,65.26774587,65.32541233,65.5242044,65.6570782,65.82693994,65.9434567,65.67162273,65.70956674
Gabon,GAB,Life expectancy at birth (years),WHOSIS_000001,57.68875146,57.70877986,58.05614161,58.21558345,58.70865642,59.68914077,60.2987489,60.67060002,60.80435396,61.22876669,61.73354089,62.08769123,62.66758728,63.25439162,63.76784225,64.00078432,64.25526743,64.52552888,64.70364722,64.97251699,65.12601321,65.09380891
United Kingdom of Great Britain and Northern Ireland,GBR,Life expectancy at birth (years),WHOSIS_000001,77.85839464,77.95184342,78.07797235,78.14795765,78.67634871,78.91215,79.22561092,79.41525763,79.53700634,80.03183927,80.25257339,80.64139781,80.64107832,80.68571114,80.93676029,80.65863594,80.81034292,80.92411386,80.6238199,81.22319266,80.14044898,80.10062783
Georgia,GEO,Life expectancy at birth (years),WHOSIS_000001,71.06803049,71.59125705,69.8928645,70.79663901,70.54094248,72.04358005,72.02382849,72.55257679,71.71817156,71.32156688,71.81805259,71.94043757,72.18519482,72.60327856,72.72305539,72.85013916,72.63239027,73.50475808,73.81278834,73.85275108,73.10852232,71.24038597
Ghana,GHA,Life expectancy at birth (years),WHOSIS_000001,59.08500401,59.15248936,59.31647181,59.53762932,59.79633543,60.06629663,60.34619824,60.66755486,61.08557755,61.52802106,61.9748058,62.58287212,63.16293767,63.58672686,63.96496972,64.33720534,64.70727537,65.08594377,65.51554359,65.97133363,66.18136667,66.10178519
Guinea,GIN,Life expectancy at birth (years),WHOSIS_000001,54.19541328,54.67176541,55.1808226,55.63757789,56.03427492,56.45301837,56.85533921,57.16190125,57.53628959,57.8555884,58.26432378,58.59208329,58.88851718,59.12749175,58.60749611,59.19807943,59.83918056,60.25359445,60.65900972,61.12869188,61.15586466,61.26251027
,GLOBAL,Life expectancy at birth (years),WHOSIS_000001,66.77085146,67.09900665,67.35830321,67.61658,67.95251087,68.38661135,68.98465081,69.42465871,69.70064415,70.21807678,70.49808463,70.93277488,71.30778194,71.6601959,71.94618807,72.18568947,72.43889094,72.67542225,72.88886288,73.12337447,72.45043871,71.36869906
Gambia,GMB,Life expectancy at birth (years),WHOSIS_000001,59.15410966,59.40248243,59.58972076,59.85443013,60.16114704,60.52311247,60.88522742,61.11617054,61.50169712,61.85818495,62.35679034,62.84614338,63.20846898,63.42180565,63.57797414,63.79523685,64.05468717,64.31746247,64.60661374,64.91162984,64.7871582,64.21396887
Guinea-Bissau,GNB,Life expectancy at birth (years),WHOSIS_000001,50.19859342,50.63672662,51.04081513,51.43513822,51.76786398,52.21818539,52.75265393,53.47365795,54.20231863,54.71780339,55.34491742,55.96327117,56.47290302,56.92169618,57.18296664,57.5801364,58.02773484,58.3521892,58.6003654,58.97631495,58.37604595,58.62801846
Equatorial Guinea,GNQ,Life expectancy at birth (years),WHOSIS_000001,54.03083545,54.84349385,55.47366319,55.73628907,56.18357801,56.77339509,57.74387549,58.62674902,59.26655739,59.83637977,60.00998447,59.83129965,60.11028327,60.96850359,61.53172347,61.12739135,60.85942801,61.20572328,61.42093734,61.38714512,61.15866176,61.60542301
Greece,GRC,Life expectancy at birth (years),WHOSIS_000001,78.42147917,78.82217341,78.97253017,79.0919372,79.2117166,79.40149641,79.74258324,79.45113677,79.9292479,80.02249419,80.23861699,80.35771121,80.23315335,80.77961776,80.83818972,80.41608244,80.71256832,80.69403193,81.05191982,80.90744762,80.6317386,79.59785025
Grenada,GRD,Life expectancy at birth (years),WHOSIS_000001,71.59448817,71.53484581,71.12022945,70.832783,70.40655547,70.64904308,70.91199156,71.03136798,70.92544169,70.93802753,71.08230057,72.12250252,72.68392882,72.62189848,72.54366171,72.54736101,72.49134059,72.61647079,72.78877041,72.72978901,75.35142309,72.77322454
Guatemala,GTM,Life expectancy at birth (years),WHOSIS_000001,68.30883271,68.64112754,69.34050502,69.39160529,69.65899192,69.30530428,69.85634314,70.68269963,71.01416309,70.84468993,71.06943555,71.55408827,71.91726662,71.749288,71.9774007,72.0454314,72.23492224,72.69594645,72.72918484,72.70697215,70.95988885,68.69573697
Guyana,GUY,Life expectancy at birth (years),WHOSIS_000001,64.65122902,64.66515946,64.62860972,64.68058964,64.85780334,65.05195592,65.30397068,65.67248785,65.75519494,66.08669636,66.14634849,66.13531761,66.17236525,66.2421095,66.55197342,66.95276619,67.56739413,68.19380586,68.74661773,68.73185311,66.93943966,66.0777533
Honduras,HND,Life expectancy at birth (years),WHOSIS_000001,69.7632118,69.91583233,70.08108435,70.19195664,70.3400508,70.54437222,70.7448816,70.94703187,70.9858569,70.99448917,70.83426628,70.68279372,68.99495317,69.35287284,69.52157081,69.52898147,71.09197895,71.27116934,71.31264864,71.43843431,70.3347631,68.96309289
Croatia,HRV,Life expectancy at birth (years),WHOSIS_000001,74.75166907,75.00312259,75.01293534,74.86052687,75.62048664,75.47609796,76.02870627,75.91802017,76.07190817,76.44559714,76.79829944,77.21146034,77.35911283,77.85314853,78.05645984,77.60709528,78.28594377,78.12551064,78.33929688,78.60209541,77.86469683,76.8616792
Haiti,HTI,Life expectancy at birth (years),WHOSIS_000001,56.72887807,57.13290254,57.58049169,57.92054551,57.54298421,58.63996581,59.24644609,59.85463205,60.2556984,60.74938385,39.95809831,61.10474412,61.52991507,61.91874198,62.25423095,62.5149437,62.79654412,63.2460029,63.47163817,63.66018845,63.41051389,62.4563858
Hungary,HUN,Life expectancy at birth (years),WHOSIS_000001,71.36114531,72.40337452,72.48544621,72.45014443,72.86168111,72.84811882,73.37194198,73.45839333,74.0004346,74.22416063,74.5619878,74.90161819,75.11315879,75.59159743,75.777258,75.5700037,76.07385445,75.90176306,76.08502162,76.33548535,75.76307465,74.39546955
Indonesia,IDN,Life expectancy at birth (years),WHOSIS_000001,67.20520958,67.44224013,67.65122104,67.84714276,66.25106515,68.2347183,68.40129097,68.63781807,68.84079087,69.0239077,69.23625966,69.52313433,69.79466506,70.05398814,70.30298584,70.53899644,70.77579907,71.00063238,71.1760389,71.40110181,69.70367312,68.26167935
India,IND,Life expectancy at birth (years),WHOSIS_000001,63.19893734,63.6569119,64.16827815,64.58440423,65.06317912,65.53031169,65.87842362,66.09434841,66.42718453,67.04997477,67.480793,67.83941098,68.2280584,68.51609058,68.91972988,69.3779891,69.7812294,70.06082604,70.35439242,70.72711152,70.1869093,67.30780612
Ireland,IRL,Life expectancy at birth (years),WHOSIS_000001,76.41796785,77.04413457,77.48003704,78.02379273,78.39305519,78.82008327,79.06563288,79.35545225,79.58286978,79.53106576,80.6170111,80.38545702,80.49448401,80.71347486,81.05218065,81.13790588,81.40605545,81.60361469,81.71153553,81.93976292,81.69720975,81.60162902
Iran (Islamic Republic of),IRN,Life expectancy at birth (years),WHOSIS_000001,73.48542569,73.7597003,74.01828515,73.34953209,74.56900109,74.88504507,75.20305104,75.56586174,75.92719356,76.24197751,76.56624741,76.87171379,77.0924022,77.19669632,77.29855084,77.27827213,77.37336206,77.47896726,77.69013655,77.78361908,75.18860837,74.71077692
Iraq,IRQ,Life expectancy at birth (years),WHOSIS_000001,69.48152045,69.81029867,70.04461594,68.91366628,69.06294468,68.68305138,67.66517621,67.80830577,69.80976267,70.61725364,71.06507591,71.39863224,71.6393156,71.2340952,70.22637913,71.00605468,71.1253103,71.60611249,73.06286041,72.90009776,70.41410059,71.46632369
Iceland,ISL,Life expectancy at birth (years),WHOSIS_000001,79.6920726,79.99493866,80.30310703,80.56916041,80.76637117,80.90304444,81.03602001,81.14698057,81.29367071,81.49587558,81.68175374,81.86017778,81.9847692,82.07380529,82.09822512,82.12605142,82.17563351,82.27340584,82.37332681,82.4706163,82.56117418,82.57766731
Israel,ISR,Life expectancy at birth (years),WHOSIS_000001,78.54383666,78.80591438,78.56218757,79.09724844,79.54240915,79.7067797,79.95901874,80.12300616,80.42212771,81.12924437,81.53399975,81.64888794,81.57002049,81.92176085,81.37964957,81.91113219,82.22430729,82.38134543,82.59262272,82.57325579,82.36508912,81.74464677
Italy,ITA,Life expectancy at birth (years),WHOSIS_000001,79.36611399,79.67653939,79.95596277,79.81728413,80.52668865,80.51057716,81.06442613,81.17657713,81.37070791,81.5215304,81.89505601,81.82897949,81.83712041,82.2878749,82.61004631,82.20433624,82.86744999,82.52191209,82.77664183,82.98522568,81.93997914,82.19747411
Jamaica,JAM,Life expectancy at birth (years),WHOSIS_000001,72.25330071,72.14321688,73.03304352,73.46076447,73.7183442,71.36246208,74.44972953,69.58643623,70.6377363,72.19787809,73.95794492,72.86139713,74.19029935,74.2198557,73.23854714,72.28943851,72.33025467,72.33086714,72.51790169,72.23602877,72.64037778,70.1439437
Jordan,JOR,Life expectancy at birth (years),WHOSIS_000001,72.72227433,72.6802332,72.9283168,73.51735567,73.56285182,73.42688191,73.85308999,74.97453582,75.81217115,76.34651794,76.68909265,76.9077149,77.13092988,77.52470069,77.96984738,78.50941007,78.7600732,79.14251842,79.63154866,79.7854181,77.55988721,75.64973596
Japan,JPN,Life expectancy at birth (years),WHOSIS_000001,81.5301793,81.84225924,82.10074471,82.14025197,82.37003875,82.23817071,82.59216336,82.7592849,82.83288975,83.15818254,83.08330199,82.82691604,83.32740995,83.56021789,83.79493082,83.99957263,84.15707196,84.25809871,84.35134487,84.46675304,84.66324868,84.46067178
Kazakhstan,KAZ,Life expectancy at birth (years),WHOSIS_000001,64.35326131,64.70931637,65.03142074,64.77834271,65.11633982,65.06712568,65.42456634,65.80148574,67.14338476,68.51597079,68.51031045,69.12835849,69.67761395,70.6757737,71.47528342,71.97923102,72.39593644,72.96750185,73.16779578,73.20279408,71.3205391,70.27511981
Kenya,KEN,Life expectancy at birth (years),WHOSIS_000001,54.09203911,54.33283599,54.58698847,54.91168271,55.51027953,56.3951405,57.46429328,58.55063756,59.48455643,60.49062126,61.28276083,61.98126671,62.61585724,63.11575218,63.63694431,64.29968929,65.03249549,65.61126491,66.06922549,66.50141922,66.79345007,66.76221995
Kyrgyzstan,KGZ,Life expectancy at birth (years),WHOSIS_000001,65.93470005,66.68305593,66.25500987,66.27050684,66.99096069,67.04293061,67.10547635,67.79056016,68.29544912,68.88847772,69.19156126,69.54394591,69.96020158,70.72932374,70.89588242,71.54340028,72.67043609,72.80933995,73.2888512,73.58598166,71.47082259,72.18500345
Cambodia,KHM,Life expectancy at birth (years),WHOSIS_000001,59.10171682,60.02516946,60.98797015,61.89363505,62.73254827,63.57944693,64.39387062,65.07853491,65.7502876,66.28526249,66.7359551,67.25370356,67.72268359,68.09456793,68.40636847,68.66739766,68.91001703,69.12694998,69.35586113,69.55846339,69.84097141,68.92399972
Kiribati,KIR,Life expectancy at birth (years),WHOSIS_000001,60.08437065,60.39204806,60.60035552,60.80039427,60.91263256,61.01859221,61.1004495,61.1868882,61.27006207,61.32259565,61.36040242,61.40193967,61.47703351,61.57296264,61.63073757,61.68537375,61.75804085,61.81777917,60.74880481,62.13784891,61.87697198,60.87345633
Republic of Korea,KOR,Life expectancy at birth (years),WHOSIS_000001,75.85981554,76.56907797,76.94317285,77.4435747,77.92814417,78.37092125,78.96689178,79.37954426,79.90917941,80.36278413,80.53713356,80.95337202,81.13219539,81.68616863,82.15999534,82.40187033,82.73176167,83.09217588,83.15048365,83.68842093,83.79726372,83.79982334
Kuwait,KWT,Life expectancy at birth (years),WHOSIS_000001,77.57714875,78.81293796,78.20659931,78.76242947,78.50276726,78.37752584,78.57389835,79.05909554,78.26367194,79.20188159,80.49475441,81.44805413,81.34259433,81.73672815,81.88077916,81.44722022,82.54800559,82.62315795,82.93662831,82.50221054,78.76948984,78.95211671
Lao People's Democratic Republic,LAO,Life expectancy at birth (years),WHOSIS_000001,58.27571315,58.88681637,59.61142102,60.19558269,60.73825821,61.3511366,61.98382706,62.60763355,63.1872824,63.79585544,64.42237003,65.03889894,65.52691412,65.9670211,66.43037564,66.87363139,67.33210713,67.7232745,68.05389772,68.35701918,68.74340275,68.23189407
Lebanon,LBN,Life expectancy at birth (years),WHOSIS_000001,75.71500924,76.1562609,76.55400992,76.80310121,77.0970413,77.17133641,76.79700172,77.46682627,77.52542218,77.79033646,77.96731586,77.97377185,78.05803939,78.16479469,78.22558226,78.43741249,78.81840788,79.03043282,79.36847038,79.28679608,77.70116098,74.34207035
Liberia,LBR,Life expectancy at birth (years),WHOSIS_000001,53.27371266,53.93145331,53.66640831,53.6245833,56.44158136,57.55945739,58.56299111,59.31134066,59.75630294,60.0506239,60.3582726,60.73430361,61.08289847,61.38474407,58.11259758,60.37754989,62.21305435,62.62958569,63.09159913,63.44171284,63.45657848,63.45730846
Libya,LBY,Life expectancy at birth (years),WHOSIS_000001,74.0447285,73.7423441,73.4501765,73.51059338,73.84878468,74.01467345,74.61102298,74.50020642,74.20131986,74.13441802,74.11333,71.43952101,73.92406847,74.21873286,72.6011445,72.65332031,72.63664308,73.15169822,73.52909525,73.54365475,72.64874878,72.17844009
Saint Lucia,LCA,Life expectancy at birth (years),WHOSIS_000001,73.2192679,73.33798376,73.50932526,73.77614845,73.99518133,74.35093561,74.71126509,75.22231763,75.53396399,75.83775931,76.00781498,76.24846107,76.39869599,76.18455493,76.28411905,76.39243252,76.20059158,76.138896,76.11272762,76.11613744,75.63349527,71.1130421
Sri Lanka,LKA,Life expectancy at birth (years),WHOSIS_000001,71.51130083,72.65351771,73.3381305,73.36803088,69.11941478,73.48476487,73.35813965,73.81640208,73.1378661,72.41934945,74.13617419,74.95837466,75.63306733,75.82006448,76.17612763,76.44590803,76.7665914,76.91196371,77.17579214,77.45083261,80.65621609,77.22895472
Lesotho,LSO,Life expectancy at birth (years),WHOSIS_000001,47.38127672,47.97132353,47.82881329,45.64538324,43.80676222,42.6642992,42.3928282,43.88764108,45.90439498,47.42048599,48.56510587,49.10182257,49.02029182,48.96059544,48.68389714,48.83813559,49.94866988,51.05416565,51.60129602,51.77851899,51.85352687,51.47907482
Lithuania,LTU,Life expectancy at birth (years),WHOSIS_000001,71.99825868,71.51538807,71.6891841,71.84648999,71.87471415,71.1036825,70.89301238,70.61092139,71.62596428,72.78267615,73.07761938,73.54804338,73.83806492,73.86695735,74.49843919,74.36612877,74.70145984,75.48786469,75.75173506,76.24761609,74.89538008,74.13314711
Luxembourg,LUX,Life expectancy at birth (years),WHOSIS_000001,78.4163246,78.61781312,78.80641336,79.03207074,79.25868688,79.5758462,79.91412753,80.26355488,80.56515483,80.92194389,81.17521457,81.39260196,81.56608895,81.87819611,82.1608587,82.3849065,82.55544194,82.70166924,82.81654634,82.80168339,82.82955161,82.78028566
Latvia,LVA,Life expectancy at birth (years),WHOSIS_000001,70.21458573,69.80978592,70.10625692,70.55494078,70.8139625,70.49159571,70.37307271,70.75226957,71.85232762,72.66145576,72.87994756,73.67057625,73.86536335,74.12560449,74.4358747,74.8108617,74.95310955,74.9627685,75.05473366,75.68490068,75.49885883,73.20251724
Morocco,MAR,Life expectancy at birth (years),WHOSIS_000001,70.19460372,70.45857649,70.73932756,70.88040999,71.03043411,71.23383994,71.42901619,71.60883866,71.88491111,72.16145438,72.37286998,72.57738576,72.78046277,72.96566532,73.12038211,73.26259745,73.4071743,73.53352195,73.60592779,73.7488551,72.50615909,72.61868352
Republic of Moldova,MDA,Life expectancy at birth (years),WHOSIS_000001,65.65922366,66.20689138,66.13288732,66.19700504,66.63893532,65.99301769,66.7168869,67.22688687,67.81121548,68.02716399,67.76693165,69.82070445,70.25455299,71.32497048,71.10984715,71.14655162,71.84582325,72.85856435,72.90339608,73.32010877,72.14867013,69.55780877
Madagascar,MDG,Life expectancy at birth (years),WHOSIS_000001,58.73234782,59.24814899,59.4274793,59.72543671,60.11149963,60.67184175,61.19063264,61.67182144,62.01528236,62.2488395,62.52359433,62.75965875,62.96002316,63.11657152,63.22596923,63.35879155,63.46510267,63.57935928,63.71423448,63.81664617,63.07628383,62.9342555
Maldives,MDV,Life expectancy at birth (years),WHOSIS_000001,69.82223985,70.45676102,71.06296933,71.62171461,71.34887566,72.865727,73.36205884,73.714686,74.09191071,74.43155141,74.73135148,75.10252928,75.84622735,76.29978199,76.80961188,77.25297582,77.72035574,78.16955603,78.67792046,75.44939578,76.1908817,75.39664085
Mexico,MEX,Life expectancy at birth (years),WHOSIS_000001,74.21831002,74.55106521,74.58875796,74.62788874,75.04316184,74.92683948,75.33649525,75.52454869,75.08739804,75.14215277,74.95254484,75.42631561,75.6445679,75.92944746,75.90738439,75.93967708,75.76103333,75.87022362,75.91673747,75.8344286,70.94625179,70.83258685
North Macedonia,MKD,Life expectancy at birth (years),WHOSIS_000001,72.94763036,73.26733128,72.91273812,73.22933201,73.62319794,73.73592756,73.8246386,73.65892824,74.31760094,74.58841867,74.84175417,74.96127325,74.93753664,75.43073243,75.25754035,75.34082067,75.56274435,75.98451895,76.46395817,76.14804901,74.37069175,72.99535604
Mali,MLI,Life expectancy at birth (years),WHOSIS_000001,53.05862872,53.62181973,54.16297861,54.85059982,55.6927022,56.25739607,56.77509358,57.34348988,57.78455925,58.27710615,58.64806217,59.04750126,59.27099434,59.37937448,59.77561439,60.12125985,60.63666584,61.01919215,61.31661022,61.83290988,61.46815324,61.67398609
Malta,MLT,Life expectancy at birth (years),WHOSIS_000001,77.81522196,78.11450102,78.4088864,78.67686,78.90071191,79.12587951,79.36712993,79.64226641,79.93204914,80.24911661,80.4834984,80.71689503,80.93951926,81.20455704,81.45292313,81.67976101,81.88080877,82.05744637,82.26456738,82.14647613,82.01477782,81.81193837
Myanmar,MMR,Life expectancy at birth (years),WHOSIS_000001,59.37966802,59.77708716,60.19994618,60.64224077,61.06960565,61.61985762,62.15642058,62.77565744,56.90830711,63.9906783,64.64371806,65.22860154,65.86631653,66.44771624,67.0395851,67.42672255,67.8624826,67.95077876,68.55999093,68.80517618,68.86849549,67.84580637
Montenegro,MNE,Life expectancy at birth (years),WHOSIS_000001,73.43360465,73.45014953,73.54605523,73.62012454,73.73506539,73.98743557,74.28740727,74.67252275,75.02700903,75.38841226,75.71790981,75.9899009,76.17609575,76.3576393,76.62030337,76.86028429,77.06052079,77.14980899,77.222772,76.83999351,75.47582429,74.70975149
Mongolia,MNG,Life expectancy at birth (years),WHOSIS_000001,63.19839599,63.48955882,63.99267039,64.44695031,64.84071925,65.26255095,65.78316962,66.37749458,66.90211117,66.92759176,67.10227644,67.30366439,67.84058521,68.39260768,68.96351192,69.246045,69.64443247,70.09899409,70.47775442,70.7501793,72.70622882,70.09795294
Mozambique,MOZ,Life expectancy at birth (years),WHOSIS_000001,50.95314578,51.31528926,51.47014119,51.67123667,51.81518653,51.92845833,52.16412753,52.58518387,53.06339796,53.32648003,53.33150279,53.5270243,53.74174488,54.24267779,55.02757929,55.85530982,56.63490108,57.33253714,57.94330191,58.50505639,58.6314583,57.66202708
Mauritania,MRT,Life expectancy at birth (years),WHOSIS_000001,62.9207429,63.48748709,64.15779119,64.83743491,65.40083987,65.90883345,66.62015995,67.11455039,67.64336926,68.08446898,68.45329118,68.79857098,69.09222123,69.22463674,69.29386756,69.45426817,69.65770027,69.81185094,69.9973737,70.17546548,68.92697523,68.86843813
Mauritius,MUS,Life expectancy at birth (years),WHOSIS_000001,71.13541086,71.43968836,71.67923755,71.8438719,71.98706152,72.14096947,72.37604294,72.6045072,72.86571029,73.10056755,73.34550791,73.5157206,73.69029649,73.803364,74.00992363,74.12593279,74.15809377,74.11525101,74.02503816,74.05607067,73.56975445,73.41967032
Malawi,MWI,Life expectancy at birth (years),WHOSIS_000001,44.64126346,45.39400815,46.23607096,47.14250921,48.06087588,49.35021214,50.92538724,52.54577058,54.26093144,55.72789905,56.87054565,58.10856356,59.42059707,60.5549131,61.34710538,61.82512095,62.19781015,62.5519407,62.91863389,63.22930485,63.46287777,62.48652597
Malaysia,MYS,Life expectancy at birth (years),WHOSIS_000001,73.01343106,73.51935373,73.78194217,73.62194031,73.82138244,74.06194883,74.30399222,74.43641055,74.19396011,74.01457452,74.02631776,74.23051803,74.61637828,74.72307296,74.64731536,74.27826363,74.41949575,74.40097684,74.52805915,74.68410362,76.78965822,72.8101035
Namibia,NAM,Life expectancy at birth (years),WHOSIS_000001,53.02475546,52.37399446,51.74325949,51.39447349,51.6479279,52.83409474,54.69956495,56.83641554,58.62203403,59.50436576,60.12459181,60.88311335,61.49462249,61.87769769,61.94948428,61.8615054,62.05755741,62.37183813,62.82854728,63.49265302,63.75209779,60.35994599
Niger,NER,Life expectancy at birth (years),WHOSIS_000001,50.24298341,50.89945855,51.88652859,52.7806989,53.86159387,54.754071,55.74288168,56.45936065,57.32288169,57.84177819,58.29155093,58.60580875,58.92187052,59.22776171,59.45072248,59.63358442,59.83593299,60.22725166,60.43807872,60.57303502,60.39192551,59.97070525
Nigeria,NGA,Life expectancy at birth (years),WHOSIS_000001,54.05766545,54.47371595,54.96389545,55.58470303,56.18946769,56.9174905,57.55220397,58.17779892,58.74901559,59.30198282,59.78799099,60.1981229,60.64324912,61.04119261,61.37523759,61.73359862,62.04834174,62.36209316,62.68563037,63.06578367,62.83540426,63.3974984
Nicaragua,NIC,Life expectancy at birth (years),WHOSIS_000001,76.18011127,76.09169207,75.92476263,75.81400954,75.88808385,75.7199093,76.73424987,76.42101694,76.35592363,76.56414767,77.06996179,76.94363065,77.05200653,77.25621199,77.51891848,78.26048387,77.92580193,78.50836352,78.45090354,78.87404349,75.04233435,75.02796138
Netherlands (Kingdom of the),NLD,Life expectancy at birth (years),WHOSIS_000001,78.01203729,78.21818271,78.28829662,78.52543386,79.09591855,79.34144338,79.71293798,80.12725056,80.25577925,80.54360994,80.68591395,80.95610777,80.88872584,81.11693502,81.45622695,81.28069061,81.34048104,81.52798471,81.8952079,82.33882776,81.40141308,81.12478594
Norway,NOR,Life expectancy at birth (years),WHOSIS_000001,78.53510862,78.74570455,78.85942368,79.39711298,79.81803393,80.05177352,80.28168328,80.35099102,80.49471477,80.74746239,80.86687696,80.96925391,81.23445235,81.43412297,81.82844761,81.99495023,82.11289124,82.33383151,82.44230107,82.65752051,82.83923455,82.88199872
Nepal,NPL,Life expectancy at birth (years),WHOSIS_000001,65.36598722,66.16930825,66.45258988,67.3578409,67.69735163,68.18944823,68.54567896,68.80504578,69.03486842,69.26898964,69.47191971,69.60828031,69.78951932,69.97888467,70.19243321,69.77673885,70.59248,70.84484004,71.10245577,71.36142995,70.98964531,70.04936795
New Zealand,NZL,Life expectancy at birth (years),WHOSIS_000001,78.57519182,78.46853865,78.65902491,79.05551434,79.15482107,79.93637338,79.88697688,80.04299252,80.3067588,80.56243651,80.9444522,80.74980096,81.08807722,81.36359879,81.19298738,81.31375727,81.73038595,81.16380852,81.75540508,81.81181567,82.5016081,82.20149177
Oman,OMN,Life expectancy at birth (years),WHOSIS_000001,71.65888476,72.18472491,72.45728033,72.75427676,73.14911872,73.361458,73.46705832,73.4022288,73.35031827,73.06401823,73.02000136,73.21785366,73.59906631,73.91615999,73.9416621,73.77326508,73.72044163,74.14573276,74.96470035,75.28986006,73.88668102,72.47676726
Pakistan,PAK,Life expectancy at birth (years),WHOSIS_000001,61.40857442,61.67754226,61.92897932,62.14630981,62.44387744,61.99158191,63.07149815,63.38445782,63.66141289,63.92267166,64.14819561,64.54188869,64.82124843,65.10777782,65.39254995,65.69975806,66.05197225,66.3818317,66.73689511,67.02931501,65.84948383,65.99092295
Panama,PAN,Life expectancy at birth (years),WHOSIS_000001,76.15178489,76.07140858,76.2835354,76.1866534,76.4816701,76.45196957,76.72660117,76.98645861,76.98278869,77.16899668,76.99379194,77.51683567,77.44906477,77.6523099,77.76557135,78.14484121,78.24463546,78.33177954,78.651343,78.97361247,77.34684989,77.23869904
Peru,PER,Life expectancy at birth (years),WHOSIS_000001,75.12364237,75.95904765,76.14080179,76.35423675,76.9955842,77.53672089,78.10561579,78.66735579,78.86141336,78.11832326,78.21420603,78.64438915,79.02001015,79.48260244,80.00001335,80.33747677,80.1644759,79.35847297,78.99013811,78.29293866,72.7753962,71.66727055
Philippines,PHL,Life expectancy at birth (years),WHOSIS_000001,69.97452897,69.62976888,69.42147225,69.52481782,69.2903715,69.36187224,69.22944541,69.58190674,69.54674107,69.39723001,69.68865207,69.78448284,69.54178119,69.44796065,69.80391436,69.51615532,69.24553796,69.6392585,69.67627942,69.42943033,69.6404352,66.40834182
Papua New Guinea,PNG,Life expectancy at birth (years),WHOSIS_000001,63.35685153,63.3735659,63.43343076,63.55882521,63.6270316,63.68705774,63.77212081,64.07514301,64.35307086,64.63295489,64.88774886,65.03278821,65.16940213,65.47647701,65.75249158,66.00102041,66.19035356,66.39410121,66.51753655,66.67377821,66.27049986,65.48786529
Poland,POL,Life expectancy at birth (years),WHOSIS_000001,73.69538073,74.09873292,74.45428635,74.54799786,74.76713155,74.89551806,75.11534037,75.17671647,75.43243412,75.638685,76.23355347,76.56402189,76.63330274,76.86531254,77.47281866,77.27808527,77.66853135,77.56192606,77.56054122,77.72984544,76.38788167,75.4021086
Puerto Rico,PRI,Life expectancy at birth (years),WHOSIS_000001,76.24708096,76.24165094,77.12054839,77.39170794,77.47011967,77.60317033,78.05684106,78.30688641,78.51538133,78.42308292,79.0570999,78.60025958,79.34782827,79.37939532,79.89363862,80.5149692,80.23535619,78.42817699,80.71857467,80.50288098,79.93442802,79.90294803
Democratic People's Republic of Korea,PRK,Life expectancy at birth (years),WHOSIS_000001,62.51800133,62.62928485,62.79218596,69.38323785,69.49692995,69.62778426,69.70476861,69.69220494,69.79894796,69.87200709,70.02263868,70.26241873,70.53323819,70.83607796,71.13791927,71.407681,71.62258579,71.92237066,72.10726148,72.31891378,72.37904945,72.6431485
Portugal,PRT,Life expectancy at birth (years),WHOSIS_000001,76.58820219,76.92951203,77.14647451,77.31485554,78.12094465,77.99178078,78.74114417,78.95554595,79.19526814,79.40582714,79.74021661,80.24005801,80.21024339,80.52727852,80.89996435,80.89189476,80.90466136,81.14657369,81.06316039,81.36750616,80.81837464,81.17961003
Paraguay,PRY,Life expectancy at birth (years),WHOSIS_000001,74.68296704,74.99163931,75.11313392,75.00581985,74.56424274,74.85137666,74.82171264,74.95391274,74.99888647,74.78626703,74.73073675,74.93009617,75.12046624,75.03958612,75.31468858,75.16683709,74.86420083,75.34684774,75.22367023,75.07903551,75.24817035,70.27080999
"occupied Palestinian territory, including east Jerusalem",PSE,Life expectancy at birth (years),WHOSIS_000001,69.88946674,69.33250971,68.63142308,69.63177214,69.48491624,70.5600974,69.22549809,70.80594736,68.97864967,69.43075818,72.64524424,72.78320408,73.09729954,74.20101603,74.19704282,74.56005234,74.99064876,75.45369565,75.71172174,75.83098235,75.1341365,73.49178033
Qatar,QAT,Life expectancy at birth (years),WHOSIS_000001,70.38243907,70.31526721,70.33186981,70.55987989,70.84074247,71.03950228,71.48490844,71.89910857,72.36968987,72.77133296,73.45657467,74.27799506,74.98566602,75.79521614,76.57011341,77.79140376,78.22428304,78.5144035,78.6332828,78.89595906,77.27588364,76.7101384
Romania,ROU,Life expectancy at birth (years),WHOSIS_000001,71.14174922,71.21463166,70.90278508,71.23111832,71.76511513,72.09847343,72.58593443,73.13558178,73.30477662,73.44267621,73.69918195,74.44084112,74.34204624,75.00346495,74.86061311,74.90936922,75.08359177,75.11122981,75.12257592,75.4603753,74.09623224,72.76430945
Russian Federation,RUS,Life expectancy at birth (years),WHOSIS_000001,65.15997475,65.100666,64.86108252,64.72303979,65.14346957,65.18978014,66.48842347,67.42224647,67.78990217,68.55662333,68.82506177,69.77052933,70.1880117,70.69584464,70.68556822,71.29790344,71.6156235,72.49941608,72.66311936,73.21856487,71.37748039,70.017337
Rwanda,RWA,Life expectancy at birth (years),WHOSIS_000001,46.89447249,48.33271376,50.60960504,52.47567981,54.65577616,57.02758036,59.15292023,60.82526391,62.1374836,62.96873523,64.20018842,65.04603076,65.68582887,66.2811484,66.67115526,66.96378175,67.17638437,67.42986245,67.62644841,67.75562916,68.26351399,67.54213882
Saudi Arabia,SAU,Life expectancy at birth (years),WHOSIS_000001,70.56634565,70.80307838,71.0757645,71.30662801,71.6044008,71.81634573,72.03628203,72.35473902,72.99776938,73.90009021,74.89591575,76.13164239,77.02520885,77.33139242,77.22323995,76.88889936,76.75114086,76.74293531,76.81092084,76.93147355,76.05844679,76.42921259
Sudan,SDN,Life expectancy at birth (years),WHOSIS_000001,62.48898469,62.9787096,63.22443726,63.67737719,63.6815858,64.87410418,65.28684508,65.760154,66.10814996,66.44393468,66.94489813,67.06889355,67.58268855,67.75900519,68.08985985,68.32706556,68.65126932,69.04016145,69.24813878,69.46506253,68.44077001,67.58515204
,SEAR,Life expectancy at birth (years),WHOSIS_000001,64.06863574,64.52874216,64.96527953,65.44284512,65.59142283,66.31183727,66.65395623,66.92530001,67.06696466,67.80764711,68.21992604,68.63474835,69.06374791,69.37293715,69.73314803,70.14297402,70.51674285,70.7727814,71.0517579,71.3719063,70.72011705,68.36682977
Senegal,SEN,Life expectancy at birth (years),WHOSIS_000001,58.6097114,59.28989485,59.79580137,60.79093407,61.57202557,62.36297007,63.06775371,63.89029063,64.57897818,65.11616175,65.56526204,65.97224307,66.29422396,66.58590644,66.97585439,67.3624183,67.7658388,68.11975233,68.44236378,68.76445374,68.56112195,67.79198263
Singapore,SGP,Life expectancy at birth (years),WHOSIS_000001,78.52088806,79.14204312,79.33785577,79.61117466,80.33727579,80.54232367,80.98074622,80.58124756,80.97823119,81.58275269,81.76163848,81.96030215,82.21523479,82.36588027,82.60495523,82.84921063,83.24199269,83.22151158,83.50811882,83.8984774,83.99653626,83.85708962
Solomon Islands,SLB,Life expectancy at birth (years),WHOSIS_000001,63.397598,63.45373664,63.47177399,63.54307905,63.61418491,63.69667846,63.79244472,63.76837921,64.05632367,64.16468031,64.36844431,64.51306313,64.70197152,64.84559966,64.95591891,65.15166823,65.29462393,65.4106128,65.55013712,65.67290557,65.39475136,64.79245685
Sierra Leone,SLE,Life expectancy at birth (years),WHOSIS_000001,49.78648969,50.94581314,51.28114602,51.5179057,51.79598226,52.10902537,52.49110548,52.87597512,53.55359388,54.19029086,54.97106845,55.66429433,56.36734502,57.05432525,55.83770997,56.88673236,58.75068972,59.15812369,59.8662114,60.40224239,60.52060193,61.0228635
El Salvador,SLV,Life expectancy at birth (years),WHOSIS_000001,71.64575132,71.7165175,73.27326528,73.05229991,73.29271781,73.40349475,73.70492095,74.16542856,74.41041249,74.00196009,74.56329622,74.57443118,75.27280087,74.78717919,73.8558025,72.73292352,73.58698324,73.71813956,74.65055232,74.28004903,72.06392712,71.66703998
Somalia,SOM,Life expectancy at birth (years),WHOSIS_000001,49.28203144,49.32648692,49.39676377,49.50039991,49.44567549,49.79233436,49.82524247,49.97697257,50.31128296,50.66979598,49.52620758,43.81163424,50.10797443,52.50391976,53.08816189,53.54338351,53.9446075,54.18246164,54.6726292,55.21397342,55.12925544,53.95143945
Serbia,SRB,Life expectancy at birth (years),WHOSIS_000001,71.49721977,72.28188573,72.31660412,72.44791076,72.65350507,72.78382532,73.38118952,73.57700553,73.82988623,73.97356349,74.27310939,74.54862943,74.84163486,75.22896744,75.32134955,75.27946837,75.67951218,75.57063328,75.88354818,75.91665371,74.43296608,72.80891574
South Sudan,SSD,Life expectancy at birth (years),WHOSIS_000001,51.90046634,52.94166517,53.71928707,54.40318481,55.24391875,55.89935062,56.35280945,57.0352965,57.67870573,57.82228027,58.75152485,58.95406766,59.31057362,59.03400442,59.09264997,59.27637583,59.18616055,58.88284459,58.86129412,58.99663561,58.94518456,58.57353884
Sao Tome and Principe,STP,Life expectancy at birth (years),WHOSIS_000001,63.12867264,63.93324972,64.65366231,65.23040933,65.71008672,66.27283192,66.784757,67.22798633,67.68827914,68.39802803,68.81769379,69.19904607,69.53766595,69.94836441,70.26367532,70.55687146,70.89699364,71.25615442,71.4403986,71.65568515,71.25244214,71.17810896
Suriname,SUR,Life expectancy at birth (years),WHOSIS_000001,70.55904903,70.47457078,70.41647923,70.50252643,70.80110636,71.23039924,71.692617,72.06527282,72.20581026,72.61759185,72.79506364,73.11587921,73.34638856,73.14787483,73.05386141,72.9788443,73.09259708,73.2092718,73.08581977,73.02285851,72.80157877,69.78412349
Slovakia,SVK,Life expectancy at birth (years),WHOSIS_000001,73.32287483,73.45130702,73.72313973,73.78042489,74.14711692,74.09775351,74.36445517,74.470327,74.82525921,75.21656698,75.44924081,75.93326104,76.13275335,76.47557345,76.83437639,76.59625031,77.15076737,77.09456027,77.19646571,77.61261952,76.86888148,74.50941328
Slovenia,SVN,Life expectancy at birth (years),WHOSIS_000001,76.05440169,76.22393944,76.50389555,76.34395429,77.10892927,77.44125575,78.04014469,78.21314391,78.89957706,79.05086528,79.54577335,79.84960348,79.89107651,80.1367942,80.78508516,80.46318817,80.81692358,80.7898907,80.95873943,81.28502446,80.33576726,80.41495666
Sweden,SWE,Life expectancy at birth (years),WHOSIS_000001,79.57418828,79.66920996,79.75650347,80.00643909,80.35214323,80.4243719,80.63113222,80.77300072,80.9280163,81.1481904,81.30465771,81.52274171,81.46624768,81.64075183,81.92750078,81.74239456,82.00943962,82.0845963,82.20163712,82.71414637,82.08200836,82.6649092
Eswatini,SWZ,Life expectancy at birth (years),WHOSIS_000001,46.7774174,44.97441053,43.63857902,42.59286029,41.87434793,41.77987727,42.74148839,43.59627355,44.27535626,45.04734029,46.38823095,48.07568339,49.10836702,49.97813792,50.93411451,52.11336327,53.13250876,53.80924436,54.73682091,55.74729385,55.96824586,54.59266973
Seychelles,SYC,Life expectancy at birth (years),WHOSIS_000001,72.10530836,72.22760033,72.11976114,72.02646689,72.21510064,72.35775752,72.35760551,72.47348081,72.66235739,72.84593273,73.11877031,73.29952908,73.25421096,73.28849847,73.23814592,73.16237091,73.07491735,73.0936681,73.08090426,73.12375678,77.26435364,74.01196664
Syrian Arab Republic,SYR,Life expectancy at birth (years),WHOSIS_000001,71.08679254,71.76491508,72.00814832,72.65734085,72.88238933,73.23261717,73.37955444,73.62412875,73.54815311,73.73835464,73.76180647,71.88413217,64.99959827,64.68588767,60.24065156,60.0056598,60.12484476,59.23626681,64.30375249,69.17463554,71.99813819,72.43803165
Chad,TCD,Life expectancy at birth (years),WHOSIS_000001,51.16932904,51.59248612,51.79475115,52.10728656,52.48451206,52.94619682,53.09314194,53.97297101,54.40322043,55.19430969,55.72346132,56.17787256,56.60362018,57.01481483,57.46459955,57.84629101,58.31677511,58.6099778,58.95783062,59.37353739,59.21180605,59.08581443
Togo,TGO,Life expectancy at birth (years),WHOSIS_000001,56.07824585,56.11218609,56.21544389,56.35238007,56.74808404,56.95869918,57.51444622,57.69120242,57.96842813,58.50878639,59.15723761,59.7945853,60.30947123,60.71230247,61.08981314,61.52164894,62.01053382,62.55310805,63.07923124,63.64852176,63.84914267,63.86461122
Thailand,THA,Life expectancy at birth (years),WHOSIS_000001,71.0119193,71.72869386,71.71439141,72.03975902,72.04096222,72.83579766,73.40943067,73.93719029,74.46372111,75.05244639,75.29127601,75.71879745,76.18036117,76.54383011,76.7567559,76.97043175,76.9976755,77.22944399,77.14916132,76.92495279,76.50524949,75.29014364
Tajikistan,TJK,Life expectancy at birth (years),WHOSIS_000001,65.64695846,66.35716048,66.94490991,67.57088192,67.99767342,68.16382022,68.48925177,68.67357175,69.0368299,69.34531105,69.92200868,70.42452045,70.97199509,71.7590921,72.02059888,72.37216019,72.72427435,73.18915767,73.49599296,73.80997068,70.55595856,71.814877
Turkmenistan,TKM,Life expectancy at birth (years),WHOSIS_000001,65.56917712,65.9484733,65.87608131,65.88787813,65.61545494,65.28550391,65.67349206,66.17071827,66.98536912,68.42683026,69.12241685,69.23413358,69.3130409,69.11794049,68.91649587,68.83222809,68.96406385,68.97743987,69.07787312,69.14190532,68.47366895,69.12049331
Timor-Leste,TLS,Life expectancy at birth (years),WHOSIS_000001,62.86576561,63.41630684,63.92197693,64.51597993,65.10952919,65.67751029,65.99128891,66.33184634,66.57678716,66.64368547,67.00361983,67.28464088,67.450997,67.45652515,67.48250838,67.83593705,68.07445467,68.23558592,68.36839208,68.49880356,68.91671885,67.99671222
Tonga,TON,Life expectancy at birth (years),WHOSIS_000001,70.95399808,71.21713536,71.2515614,71.25830559,71.44335848,71.97193468,72.01750935,72.00901963,72.00245834,70.18279546,72.11458049,72.18060639,72.2449478,72.30723111,72.38182372,72.46352791,72.56032607,72.71571833,72.84423109,72.94212581,73.18678447,72.72088222
Trinidad and Tobago,TTO,Life expectancy at birth (years),WHOSIS_000001,70.4199372,70.55567603,71.08783441,70.96473433,71.34856579,71.67544737,72.20904818,72.39472984,72.03571655,72.84103384,73.32339874,74.01459781,74.64546221,74.31731073,74.31626767,74.35412517,73.83467512,74.00520612,73.99505843,74.09327397,73.63599489,71.70712647
Tunisia,TUN,Life expectancy at birth (years),WHOSIS_000001,74.30098477,74.55599136,74.75755844,74.95127697,75.17294716,75.37276042,75.57522085,75.74953958,75.92697277,76.07616117,76.21500138,76.36110917,76.52515319,76.61373105,76.6974822,76.78627015,76.91365109,77.03145853,77.23195746,77.50537971,77.12175333,74.06842662
Türkiye,TUR,Life expectancy at birth (years),WHOSIS_000001,73.31499528,74.03517034,74.77351879,75.30413279,75.833599,76.19636776,76.53841522,76.70654932,76.65466357,76.34599074,76.50699578,76.69522957,76.83621576,76.83417226,76.74876869,76.68525905,76.66589183,77.07084923,77.55827507,77.61966184,76.17525576,75.27238945
United Republic of Tanzania,TZA,Life expectancy at birth (years),WHOSIS_000001,52.79227334,53.52029055,54.24829544,54.98804057,55.69111865,56.55203228,57.81812716,59.37881257,60.43730538,61.03787589,61.6819464,62.26370092,63.07821297,64.03254511,64.69269786,65.15719683,65.60342077,65.98183854,66.39625941,66.78631383,67.40275668,66.8101483
Uganda,UGA,Life expectancy at birth (years),WHOSIS_000001,48.8900405,49.78388659,50.65046911,51.68238982,53.13418916,54.81013228,55.99216305,56.83050321,57.97310088,59.05814244,59.96020545,60.87012607,61.8009059,62.71779853,63.49406001,64.2155816,64.67477151,65.21733648,65.71888649,66.0878394,66.29850916,65.98577935
Ukraine,UKR,Life expectancy at birth (years),WHOSIS_000001,67.55459596,67.7115647,67.49385199,67.52472284,67.43010343,67.10598289,67.7845536,67.5915603,67.905744,69.49300841,70.14904515,70.93317751,71.09437239,71.55330688,70.89072091,72.14894514,72.62863559,73.00099017,72.71826067,73.00449182,72.49786713,70.90674708
Uruguay,URY,Life expectancy at birth (years),WHOSIS_000001,74.87862057,74.92750681,75.11068373,74.80937399,75.26030661,75.64994667,76.33233577,75.38115954,76.39345878,76.67128798,76.48217264,76.59711654,76.40566239,76.7019772,77.15013883,77.09925201,76.84527198,77.33933717,77.03739696,77.01365627,77.79436073,74.98295244
United States of America,USA,Life expectancy at birth (years),WHOSIS_000001,76.65847648,76.75000279,76.84998093,76.98967151,77.3972613,77.38462128,77.68331379,77.94056193,78.0493345,78.42393798,78.6069239,78.65364022,78.77111574,78.75952758,78.80026105,78.61058161,78.55677254,78.50077044,78.62912526,78.73923827,76.89250856,76.37368104
Uzbekistan,UZB,Life expectancy at birth (years),WHOSIS_000001,61.67667881,62.16554368,62.19230023,62.74285785,63.42369036,63.20028511,64.19601086,64.796684,65.44084852,66.2800996,66.71556004,67.18064136,67.64432032,68.3723982,68.81484391,69.42591804,69.95773109,70.40271496,71.46640597,72.27007322,71.36099727,72.18877681
Saint Vincent and the Grenadines,VCT,Life expectancy at birth (years),WHOSIS_000001,71.66187212,71.90344128,72.01069433,72.24268792,72.36667565,72.5595686,72.92616303,73.25297188,73.51667142,73.56239685,73.48342047,73.21012386,72.98728933,72.60483816,72.73600877,72.79473614,72.98153488,73.09125438,73.17900227,73.10795228,72.74742918,72.55709418
Venezuela (Bolivarian Republic of),VEN,Life expectancy at birth (years),WHOSIS_000001,74.03248641,73.89650756,74.25516144,73.64690409,74.41023981,74.71197022,74.69093059,74.52946535,74.27958667,74.56885736,74.662242,74.58939214,74.44482492,74.60132769,74.05573564,73.93795547,72.39034431,72.98365736,72.81771282,72.71401189,72.40374475,71.22082891
Viet Nam,VNM,Life expectancy at birth (years),WHOSIS_000001,71.87399979,71.97988323,72.06004934,72.11217075,72.15340395,72.17650018,72.23737668,72.30106944,72.35184572,72.41132963,72.48813081,72.61270345,72.74028809,72.83984641,72.95094965,73.03125783,73.21381033,73.40138207,73.56096825,73.71007094,74.77582966,73.7965773
Vanuatu,VUT,Life expectancy at birth (years),WHOSIS_000001,64.92630401,64.97955845,65.03950977,65.08697701,65.14603809,65.24030241,65.37131308,65.5182575,65.68985149,65.89385815,66.08385743,66.2618784,66.43172159,66.60736544,66.71134263,66.79010699,66.91782394,66.98064455,67.04714117,67.13030878,67.09750807,66.3483713
,WB_HI,Life expectancy at birth (years),WHOSIS_000001,77.53178071,77.77308056,77.91958141,78.01340604,78.48672448,78.55484133,78.9430904,79.13737329,79.31835213,79.61497249,79.83143411,80.00535625,80.14050022,80.30511012,80.53130986,80.39036377,80.5831754,80.58823029,80.68924788,80.90566753,79.95969437,79.65119873
,WB_LI,Life expectancy at birth (years),WHOSIS_000001,53.61347237,54.40413809,55.01066748,55.8836598,56.58061879,57.38958544,58.16441655,58.89891622,59.5862953,60.19604573,60.71751447,60.89766106,61.39453419,61.93490536,62.16568407,62.58328954,62.96122947,63.30409889,63.71209289,64.21817017,64.20605991,63.66755209
,WB_LMI,Life expectancy at birth (years),WHOSIS_000001,62.60002727,62.98194731,63.35215132,63.69823422,64.12115275,64.51534212,64.97632364,65.31977487,65.5652106,66.22674258,66.49609395,67.03129462,67.39300802,67.72575062,68.03975837,68.38628464,68.75196172,69.02369556,69.2822965,69.57356781,69.04426229,67.21688028
,WB_UMI,Life expectancy at birth (years),WHOSIS_000001,69.79700261,70.02443002,70.1811273,70.31483368,70.37973198,70.9395141,71.61510574,72.11880953,72.3619814,72.7546341,73.03544767,73.48016867,73.925872,74.28341937,74.53468804,74.81672772,74.97657756,75.28837476,75.50618266,75.66886287,74.89743849,74.23577164
,WPR,Life expectancy at birth (years),WHOSIS_000001,71.96302959,72.23557905,72.52305924,72.71503181,72.92242384,73.33346567,74.06441894,74.54521674,74.68933231,75.02841936,75.2467766,75.55207918,75.95105819,76.25932609,76.5927032,76.83133302,77.00014055,77.21591876,77.3741563,77.48911331,77.70194212,77.41814299
Samoa,WSM,Life expectancy at birth (years),WHOSIS_000001,69.60483332,69.77577511,69.93318688,70.05898224,70.17537437,70.24626535,70.43219518,70.4708852,70.48283276,68.73125976,70.48867026,70.50058194,70.27478818,70.24040584,70.13172182,70.01944065,69.92083473,69.98522366,70.09269594,69.99170791,70.19462777,70.27372108
Yemen,YEM,Life expectancy at birth (years),WHOSIS_000001,63.08164608,63.62361632,64.16252882,64.67397283,65.2063964,65.75114077,66.27840827,66.73494764,67.19372426,67.58534902,67.95702862,68.13030665,68.26819831,68.75410162,68.71723916,68.25299786,67.6890605,67.67597451,66.38937201,66.89863946,66.51267259,65.76206783
South Africa,ZAF,Life expectancy at birth (years),WHOSIS_000001,57.11947907,55.86714584,54.31987896,52.93394541,52.24650084,52.03156981,52.10797353,52.90958642,53.91253666,55.26976416,57.09683041,59.100348,60.81522121,62.08498269,62.78312708,63.26267522,63.87748533,64.74836762,65.31532246,65.83739077,64.30356494,61.49918805
Zambia,ZMB,Life expectancy at birth (years),WHOSIS_000001,44.52713939,44.99215514,45.80351415,47.10240747,48.77289416,50.2612912,51.7626963,53.57698997,55.35570144,56.61649649,57.42656833,58.02295113,58.68526361,59.35535185,59.98021269,60.4135173,60.96146792,61.28533224,61.41187871,61.76313302,61.83164861,60.96884286
Zimbabwe,ZWE,Life expectancy at birth (years),WHOSIS_000001,45.74529001,45.43212975,45.11250007,45.01274563,45.152854,45.7065362,46.40915188,47.34902637,48.32688541,49.66000005,51.41783245,53.27755042,54.90174943,56.08364808,56.95717402,57.4934476,57.9178434,58.23863624,58.69836684,59.07171997,59.40476255,58.48102238
